month,tube_avg_daily,bus_avg_daily
2019-01,3553612.9032258065,5023000
2019-02,3891892.8571428573,5370035.714285715
2019-03,3877322.580645161,5530322.580645162
2019-04,3704800,5172833.333333333
2019-05,3721000,5416870.9677419355
2019-06,3838533.3333333335,5522400
2019-07,3875225.806451613,5389516.129032258
2019-08,3527838.709677419,4798290.322580645
2019-09,3725366.6666666665,5510500
2019-10,4071000,5506064.516129033
2019-11,4048566.6666666665,5556233.333333333
2019-12,3514612.9032258065,4860548.387096774
2020-01,3627225.806451613,5226419.354838709
2020-02,3713482.7586206896,5238206.8965517245
2020-03,1922967.7419354839,3524290.3225806453
2020-04,163366.66666666666,531866.6666666666
2020-05,222806.4516129032,35129.032258064515
2020-06,486000,1301400
2020-07,834548.3870967742,2306387.0967741935
2020-08,1056129.0322580645,2583806.4516129033
2020-09,1347366.6666666667,3286500
2020-10,1376935.4838709678,3162161.290322581
2020-11,960266.6666666666,2701700
2020-12,1047419.3548387097,2557193.5483870967
2021-01,567645.1612903225,1683451.6129032257
2021-02,695678.5714285715,1910785.7142857143
2021-03,910806.4516129033,2549419.35483871
2021-04,1254300,2833033.3333333335
2021-05,1577258.064516129,3276129.0322580645
2021-06,1860333.3333333333,3525100
2021-07,1736225.8064516129,3481225.806451613
2021-08,1813903.2258064516,3299129.0322580645
2021-09,2194066.6666666665,4074066.6666666665
2021-10,2456516.129032258,4053774.193548387
2021-11,2574333.3333333335,4281266.666666667
2021-12,1970645.1612903227,3583935.4838709678
2022-01,1818419.3548387096,3681677.419354839
2022-02,2397142.8571428573,4085464.285714286
2022-03,2408580.64516129,4490096.774193549
2022-04,2508933.3333333335,4129300
2022-05,2723806.4516129033,4465290.322580645
2022-06,2557400,4572733.333333333
2022-07,2722645.1612903224,4340096.774193549
2022-08,2536451.6129032257,4018387.0967741935
2022-09,2893200,4603766.666666667
2022-10,3130225.806451613,4661290.322580645
2022-11,3117166.6666666665,4830933.333333333
2022-12,2785129.0322580645,4143645.1612903224
2023-01,2785967.7419354836,4416548.387096774
2023-02,3088785.714285714,4604285.714285715
2023-03,3026806.4516129033,4802774.193548387
2023-04,3029400,4435000
2023-05,3067258.064516129,4688096.774193549
2023-06,3229266.6666666665,4872666.666666667
2023-07,3139193.5483870967,4629451.612903226
2023-08,2972193.5483870967,4302870.9677419355
2023-09,3092500,4936066.666666667
2023-10,3287096.7741935486,4852064.516129033
2023-11,3464200,4959433.333333333
2023-12,3112870.9677419355,4392000
2024-01,2915193.5483870967,4504354.838709678
2024-02,3252862.0689655175,4782137.931034483
2024-03,3158161.290322581,4794193.548387097
2024-04,3126766.6666666665,4686433.333333333
2024-05,3180322.580645161,4825967.741935484
2024-06,3228566.6666666665,4854766.666666667
2024-07,3258290.3225806453,4752354.838709678
2024-08,2961548.3870967743,4275774.193548387
2024-09,3156433.3333333335,4841900
2024-10,3457935.4838709678,4760870.9677419355
2024-11,3473066.6666666665,4667666.666666667
2024-12,3148161.290322581,4225612.903225807
2025-01,2988645.1612903224,4338741.935483871
2025-02,3310535.714285714,4542785.714285715
2025-03,3261741.935483871,4683709.677419355
2025-04,3188566.6666666665,4462766.666666667
2025-05,3180322.580645161,4629612.903225807
2025-06,3278200,4728266.666666667
2025-07,3345483.870967742,4563032.258064516
2025-08,2994677.419354839,4125548.3870967743
2025-09,2807666.6666666665,4825433.333333333
2025-10,3423548.3870967743,4675193.548387097
2025-11,3472133.3333333335,4623566.666666667
2025-12,3204612.9032258065,4266354.838709678
2026-01,2989612.9032258065,4295064.516129033
2026-02,3279857.1428571427,4488000
2026-03,3253741.935483871,4643064.516129033
2026-04,2993133.3333333335,4530033.333333333
2026-05,3115516.129032258,4495870.9677419355
2026-06,3120966.6666666665,4641266.666666667
2026-07,3295129.0322580645,4427032.258064516
2026-08,3033750,4172375
