link,passenger_load
King's Cross St. Pancras → Euston LU,23935.89324357406
Green Park → Victoria LU,24446.13690741379
Oxford Circus → Warren Street,26198.401187833795
Farringdon → Liverpool Street LU,26463.604676993218
King's Cross St. Pancras → Highbury & Islington,26811.795388554332
Gloucester Road → Earl's Court,28081.704983412037
Liverpool Street LU → Whitechapel,29566.160135889673
South Kensington → Gloucester Road,30949.09320743636
Euston LU → King's Cross St. Pancras,31829.03255869517
Warren Street → Euston LU,41675.44920579125
