quarter_hour,boarders,alighters
1900-1915,114403.71903192055,129498.97518559746
1915-1930,99156.79560632572,112286.95238408183
1930-1945,87564.47409585342,97508.29152397401
1945-2000,78287.05325474491,85894.12433518746
2000-2015,70989.73518433554,76969.10034768292
2015-2030,65613.21787710811,70142.74804455655
2030-2045,62707.89144266165,65114.51196150859
2045-2100,60151.62560990148,62167.26309121978
2100-2115,57966.63907955269,59705.05539685722
2115-2130,56470.097298796216,57848.98715546641
2130-2145,56689.98663628498,56575.17825472041
2145-2200,57229.180526320124,57034.63670049426
