quarter_hour,entries,exits
1900-1915,77667.10250813352,96965.82734952813
1915-1930,67482.00434744314,84192.92594661012
1930-1945,60478.65346385909,72766.5783053211
1945-2000,53708.98472742279,63845.980402219626
2000-2015,49197.52331899768,57237.23508698029
2015-2030,45915.02504343557,51932.96495232824
2030-2045,44565.18991111625,48090.671814997375
2045-2100,42456.72423801385,45720.21386234845
2100-2115,40986.55987782593,43952.075757984516
2115-2130,40119.25510125934,42334.91654874645
2130-2145,41058.73055994271,41361.564728687124
2145-2200,40995.523799357165,41310.018867489074
