line,peak_delivery,off_peak_delivery
Bakerloo,0.9022674530638642,0.9142010674433222
Central,0.9051970826526635,0.908078987473576
District,0.9141131626930208,0.934704814370603
Hammersmith & City / Circle,0.8887935724760482,0.871707292437512
Jubilee,0.9132421225501735,0.9206656074994445
Metropolitan,0.9277325544593692,0.919300155465783
Northern,0.9504707283666357,0.9557068166209964
Piccadilly,0.8945322615371571,0.8935370874950771
Victoria,0.9167730191397917,0.9259750381724255
Waterloo & City,0.927381480167273,0.9455292378857627
