reporting_period,service_delivery,peak_delivery,off_peak_delivery
1,0.8995036165221467,0.9014181726447643,0.8988342372788712
2,0.9231100058771213,0.926505361375155,0.9219004846637826
3,0.9108867727772796,0.912808591690969,0.9102016482991921
4,0.9232594987449417,0.9227176823578852,0.9234543519652637
5,0.9231000300843106,0.9209554017354237,0.9238695716262806
6,0.918782373408206,0.9139448152796135,0.9205164967273329
7,0.9337565307005324,0.9302070873572311,0.9350372025103929
8,0.933397158327141,0.9248567449311463,0.9364222026826501
9,0.925580960662262,0.9180051135566679,0.9282665255708243
10,0.919015405081447,0.9170405559053423,0.9196834999444282
11,0.9296932019800309,0.9207260701176695,0.9329079654421969
12,0.9153378659763122,0.9081890477556509,0.9178963038358539
13,0.8983528906682167,0.8971899702326046,0.8987686955440505
